{"name":"e37c7cd1-7c59-4171-a5cc-b1703b31a949","id":"/providers/Microsoft.Flow/flows/e37c7cd1-7c59-4171-a5cc-b1703b31a949","type":"Microsoft.Flow/flows","properties":{"apiId":"/providers/Microsoft.PowerApps/apis/shared_logicflows","displayName":"flow1","definition":{"metadata":{"workflowEntityId":null,"processAdvisorMetadata":null,"flowclientsuspensionreason":"None","flowclientsuspensiontime":null,"creator":{"id":"09287b89-c26f-4220-ac15-da827db71403","type":"User","tenantId":"65f3f943-1f91-4bf1-8008-c38e071800e3"},"provisioningMethod":"FromDefinition","failureAlertSubscription":true,"clientLastModifiedTime":"2022-03-11T22:03:28.9187209Z"},"$schema":"https://schema.management.azure.com/providers/Microsoft.Logic/schemas/2016-06-01/workflowdefinition.json#","contentVersion":"1.0.0.0","parameters":{"$authentication":{"defaultValue":{},"type":"SecureObject"}},"triggers":{"manual":{"metadata":{"operationMetadataId":"4e199090-7f61-435d-8543-71615849117c"},"type":"Request","kind":"Button","inputs":{"schema":{"type":"object","properties":{},"required":[]}}}},"actions":{"const_array":{"runAfter":{},"metadata":{"operationMetadataId":"d1784d53-e275-4e29-aa0c-56d5e7656537"},"type":"Compose","inputs":"@range(0,100)","description":"range(0,100)"},"var_array":{"runAfter":{"const_array":["Succeeded"]},"metadata":{"operationMetadataId":"4a4417ff-a2f6-413a-8f40-3d1b3debc828"},"type":"InitializeVariable","inputs":{"variables":[{"name":"array","type":"array","value":"@range(0,100)"}]},"description":"range(0,100)"},"Apply_to_each_const_array":{"foreach":"@outputs('const_array')","actions":{"Compose":{"runAfter":{},"metadata":{"operationMetadataId":"39830719-25e2-4c46-bf82-e4152f5745ec"},"type":"Compose","inputs":"@items('Apply_to_each_const_array')","description":"items('Apply_to_each_const_array')"}},"runAfter":{"var_array":["Succeeded"]},"metadata":{"operationMetadataId":"d40ca525-e47e-4705-b50e-6d83fed215b9"},"type":"Foreach","runtimeConfiguration":{"concurrency":{"repetitions":50}}},"Apply_to_each_var_array":{"foreach":"@variables('array')","actions":{"Append_to_array_variable":{"runAfter":{},"metadata":{"operationMetadataId":"9b37866c-846e-4b6a-b2f2-1de729f265cb"},"type":"AppendToArrayVariable","inputs":{"name":"results","value":"@items('Apply_to_each_var_array')"},"description":"items('Apply_to_each_var_array')"}},"runAfter":{"var_results":["Succeeded"]},"metadata":{"operationMetadataId":"9c8aa604-f9b9-4ff8-bdd3-03e8f2dadac9"},"type":"Foreach","description":"variables('array')","runtimeConfiguration":{"concurrency":{"repetitions":50}}},"var_results":{"runAfter":{"var_array":["Succeeded"]},"metadata":{"operationMetadataId":"492b706d-8de1-4686-b803-d40b0b97a76b"},"type":"InitializeVariable","inputs":{"variables":[{"name":"results","type":"array","value":[]}]}},"log_var_results":{"runAfter":{"Apply_to_each_var_array":["Succeeded"]},"metadata":{"operationMetadataId":"e7978c89-8fa9-4810-b21e-98029f54ab48"},"type":"Compose","inputs":"@variables('results')","description":"variables('results')"},"log_const_array":{"runAfter":{"Apply_to_each_const_array":["Succeeded"]},"metadata":{"operationMetadataId":"266e50cc-122b-4318-adb0-c39c2b01934b"},"type":"Compose","inputs":"@outputs('Compose')","description":"outputs('Compose')"}}},"connectionReferences":{},"flowFailureAlertSubscribed":false}}