{"name":"a0e7dc60-6609-4fbb-a583-d6c967e56384","id":"/providers/Microsoft.Flow/flows/a0e7dc60-6609-4fbb-a583-d6c967e56384","type":"Microsoft.Flow/flows","properties":{"apiId":"/providers/Microsoft.PowerApps/apis/shared_logicflows","displayName":"Extract Field Information of the List","definition":{"metadata":{"workflowEntityId":null,"processAdvisorMetadata":null,"flowclientsuspensionreason":"None","flowclientsuspensiontime":null,"creator":{"id":"49e9bb21-f2b0-47d4-9c7e-d5bb99fc0347","type":"User","tenantId":"77aa4006-3cf4-4525-8f11-b5df454e8bbf"},"provisioningMethod":"FromDefinition","failureAlertSubscription":true,"clientLastModifiedTime":"2021-07-04T17:19:09.3523678Z"},"$schema":"https://schema.management.azure.com/providers/Microsoft.Logic/schemas/2016-06-01/workflowdefinition.json#","contentVersion":"1.0.0.0","parameters":{"$connections":{"defaultValue":{},"type":"Object"},"$authentication":{"defaultValue":{},"type":"SecureObject"}},"triggers":{"manual":{"type":"Request","kind":"Button","inputs":{"schema":{"type":"object","properties":{},"required":[]}}}},"actions":{"SiteURL-Compose":{"runAfter":{},"type":"Compose","inputs":"https://gov963094.sharepoint.com/sites/OccupancyTracker/"},"ListName-Compose":{"runAfter":{"SiteURL-Compose":["Succeeded"]},"type":"Compose","inputs":"OrderList"},"REST-GetListFieldInfo":{"runAfter":{"ListName-Compose":["Succeeded"]},"type":"OpenApiConnection","inputs":{"host":{"apiId":"/providers/Microsoft.PowerApps/apis/shared_sharepointonline","connectionName":"shared_sharepointonline","operationId":"HttpRequest"},"parameters":{"dataset":"@outputs('SiteURL-Compose')","parameters/method":"GET","parameters/uri":"_api/web/lists/GetByTitle('@{outputs('ListName-Compose')}')/fields","parameters/headers":{"accept":"application/json;odata=nometadata"}},"authentication":{"value":"@json(decodeBase64(triggerOutputs().headers['X-MS-APIM-Tokens']))['$ConnectionKey']","type":"Raw"}}},"Select":{"runAfter":{"REST-GetListFieldInfo":["Succeeded"]},"type":"Select","inputs":{"from":"@outputs('REST-GetListFieldInfo')?['body']?['value']","select":{"Display Name":"@item()?['Title']","Static Name":"@item()?['StaticName']","Is Indexed?":"@item()?['Indexed']"}}},"Create_HTML_table":{"runAfter":{"Select":["Succeeded"]},"type":"Table","inputs":{"from":"@body('Select')","format":"HTML"}}}},"connectionReferences":{"shared_sharepointonline":{"connectionName":"e1aa34b3c7c142e8801053052611cd2c","source":"Invoker","id":"/providers/Microsoft.PowerApps/apis/shared_sharepointonline","tier":"NotSpecified"}},"flowFailureAlertSubscribed":false}}